"Authors","Author full names","Author(s) ID","Title","Year","Source title","Volume","Issue","Art. No.","Page start","Page end","Page count","Cited by","DOI","Link","Author Keywords","Index Keywords","Document Type","Publication Stage","Open Access","Source","EID"
"Moreira D.C.","Moreira, Daniel C. (55308326300)","55308326300","RGBradford: Protein Quantitation with a Smartphone Camera","2023","Journal of Visualized Experiments","2023","199","e65547","","","","0","10.3791/65547","https://www.scopus.com/inward/record.uri?eid=2-s2.0-85172194686&doi=10.3791%2f65547&partnerID=40&md5=6b8d612e67db968dc29b389eb1d64b0a","","Biological Assay; Image Processing, Computer-Assisted; Smartphone; Software; bioassay; image processing; software","Article","Final","","Scopus","2-s2.0-85172194686"
"Farias J.P.; Barros A.L.A.N.; de Araújo-Nobre A.R.; Sobrinho-Júnior E.P.C.; Alves M.M.D.M.; Carvalho F.A.D.A.; da Franca Rodrigues K.A.; de Andrade I.M.; Silva-Filho F.A.E.; Moreira D.C.; Lima D.F.; Lucarini M.; Durazzo A.; Arcanjo D.D.R.; de Souza de Almeida Leite J.R.","Farias, Jéssica Pires (57658603700); Barros, Ana Luisa Alves Nogueira (57327792500); de Araújo-Nobre, Alyne Rodrigues (57209182371); Sobrinho-Júnior, Enoque Pereira Costa (57191198059); Alves, Michel Muálem de Moraes (57195312945); Carvalho, Fernando Aécio de Amorim (54884929500); da Franca Rodrigues, Klinger Antonio (57209685374); de Andrade, Ivanilza Moreira (55491152500); Silva-Filho, Francisco Artur e (58122003700); Moreira, Daniel Carneiro (55308326300); Lima, David Fernandes (54581194800); Lucarini, Massimo (7004303581); Durazzo, Alessandra (57214847341); Arcanjo, Daniel Dias Rufino (47861880200); de Souza de Almeida Leite, José Roberto (7201818325)","57658603700; 57327792500; 57209182371; 57191198059; 57195312945; 54884929500; 57209685374; 55491152500; 58122003700; 55308326300; 54581194800; 7004303581; 57214847341; 47861880200; 7201818325","Influence of Plant Age on Chemical Composition, Antimicrobial Activity and Cytotoxicity of Varronia curassavica Jacq. Essential Oil Produced on an Industrial Scale","2023","Agriculture (Switzerland)","13","2","373","","","","0","10.3390/agriculture13020373","https://www.scopus.com/inward/record.uri?eid=2-s2.0-85149150962&doi=10.3390%2fagriculture13020373&partnerID=40&md5=8c91e4cd50ca0540f1be2fe8c9be9a34","antifungal; Cordia verbenacea; cytotoxicity; essential oil; GC/MS; medicinal plant","","Article","Final","All Open Access; Gold Open Access; Green Open Access","Scopus","2-s2.0-85149150962"
"Moreira D.C.; Zenteno-Savín T.; Hermes-Lima M.","Moreira, Daniel C. (55308326300); Zenteno-Savín, Tania (6602620228); Hermes-Lima, Marcelo (7003603863)","55308326300; 6602620228; 7003603863","Redox Metabolism in Ecophysiology and Evolution","2023","Antioxidants","12","9","1769","","","","0","10.3390/antiox12091769","https://www.scopus.com/inward/record.uri?eid=2-s2.0-85172221672&doi=10.3390%2fantiox12091769&partnerID=40&md5=a70b10760e60973244412fbfe88389e9","","","Editorial","Final","All Open Access; Gold Open Access; Green Open Access","Scopus","2-s2.0-85172221672"
"Ferreira-Cravo M.; Moreira D.C.; Hermes-Lima M.","Ferreira-Cravo, Marlize (15126617300); Moreira, Daniel C. (55308326300); Hermes-Lima, Marcelo (7003603863)","15126617300; 55308326300; 7003603863","Glutathione Depletion Disrupts Redox Homeostasis in an Anoxia-Tolerant Invertebrate","2023","Antioxidants","12","6","1197","","","","2","10.3390/antiox12061197","https://www.scopus.com/inward/record.uri?eid=2-s2.0-85163887376&doi=10.3390%2fantiox12061197&partnerID=40&md5=2dd22875c86cfcdddb17b6e689a47613","hypoxia; ischemia; preparation for oxidative stress; reoxygenation; reperfusion","","Article","Final","All Open Access; Gold Open Access; Green Open Access","Scopus","2-s2.0-85163887376"
"Moreira D.C.","Moreira, Daniel C. (55308326300)","55308326300","RGBradford: Accurate measurement of protein concentration using a smartphone camera and the blue to green intensity ratio","2022","Analytical Biochemistry","655","","114839","","","","5","10.1016/j.ab.2022.114839","https://www.scopus.com/inward/record.uri?eid=2-s2.0-85137068768&doi=10.1016%2fj.ab.2022.114839&partnerID=40&md5=ffbb9d2a391716099e76487f88b6f772","Colorimetry; Coomassie Brilliant Blue; Digital image analysis; Mobile phone; Portable instrumentation; Spectrophotometry","Colorimetry; Proteins; Smartphone; Cameras; Colorimetry; Proteins; Smartphones; brilliant blue g; protein; protein; Accurate measurement; Color shifts; Coomassie Brilliant Blue; Digital image analysis; Intensity ratio; Measurements of; Portable instrumentation; Protein concentrations; Protein level; Smart-phone cameras; animal cell; Article; BV-2 cell line; Galleria mellonella; image analysis; microglia; nonhuman; protein analysis; protein content; protein function; spectrophotometry; colorimetry; procedures; smartphone; Color","Article","Final","","Scopus","2-s2.0-85137068768"
"Dalvi L.T.; Moreira D.C.; Andrade R., Jr.; Ginani J.; Alonso A.; Hermes-Lima M.","Dalvi, Luana T. (8314931800); Moreira, Daniel C. (55308326300); Andrade, Roberto (57211972437); Ginani, Janini (14624794700); Alonso, Antonio (7402478359); Hermes-Lima, Marcelo (7003603863)","8314931800; 55308326300; 57211972437; 14624794700; 7402478359; 7003603863","Ellagic acid inhibits iron-mediated free radical formation","2017","Spectrochimica Acta - Part A: Molecular and Biomolecular Spectroscopy","173","","","910","917","7","29","10.1016/j.saa.2016.10.034","https://www.scopus.com/inward/record.uri?eid=2-s2.0-84994834801&doi=10.1016%2fj.saa.2016.10.034&partnerID=40&md5=8e99f7e7b968310d4edbc727702d1bff","Antioxidant; Ellagic acid; Free radical; Iron; Polyphenol","Antioxidants; Ellagic acid; Free radicals; Iron; Iron analysis; Metal ions; Metals; Spectrum analysis; Antioxidant effect; Antioxidant mechanisms; Antioxidant properties; Complex formations; Free radical scavengers; Inhibitory effect; Oxidative degradation; Polyphenols; Iron compounds","Article","Final","","Scopus","2-s2.0-84994834801"
"Cancelarich N.L.; Wilke N.; Fanani M.L.; Moreira D.C.; Pérez L.O.; Alves Barbosa E.; Plácido A.; Socodato R.; Portugal C.C.; Relvas J.B.; de la Torre B.G.; Albericio F.; Basso N.G.; Leite J.R.; Marani M.M.","Cancelarich, Natalia L. (57204597794); Wilke, Natalia (7004661397); Fanani, Marı́a L. (7801537711); Moreira, Daniel C. (55308326300); Pérez, Luis O. (57203047122); Alves Barbosa, Eder (57215687534); Plácido, Alexandra (55232677900); Socodato, Renato (57195332931); Portugal, Camila C. (57216326335); Relvas, João B. (6602197103); de la Torre, Beatriz G. (7004676510); Albericio, Fernando (7005138070); Basso, Néstor G. (7005272210); Leite, José R. (7201818308); Marani, Mariela M. (56734259800)","57204597794; 7004661397; 7801537711; 55308326300; 57203047122; 57215687534; 55232677900; 57195332931; 57216326335; 6602197103; 7004676510; 7005138070; 7005272210; 7201818308; 56734259800","Somuncurins: Bioactive Peptides from the Skin of the Endangered Endemic Patagonian Frog Pleurodema somuncurense","2020","Journal of Natural Products","83","4","","972","984","12","7","10.1021/acs.jnatprod.9b00906","https://www.scopus.com/inward/record.uri?eid=2-s2.0-85081643394&doi=10.1021%2facs.jnatprod.9b00906&partnerID=40&md5=560e96da3329805a4fe286bd9aa73efa","","Bioactivity; Conservation; Escherichia coli; Liposomes; Staphylococcus aureus; Amphibian species; Anti-microbial activity; Antimicrobial peptide; Bioactive peptides; Cell aggregation; Escherichia coli growths; Membrane modeling; Therapeutic agents; Peptides","Review","Final","","Scopus","2-s2.0-85081643394"
"Barbosa E.A.; Oliveira A.; Plácido A.; Socodato R.; Portugal C.C.; Mafud A.C.; Ombredane A.S.; Moreira D.C.; Vale N.; Bessa L.J.; Joanitti G.A.; Alves C.; Gomes P.; Delerue-Matos C.; Mascarenhas Y.P.; Marani M.M.; Relvas J.B.; Pintado M.; Leite J.R.S.A.","Barbosa, Eder Alves (14044592700); Oliveira, Ana (57222002286); Plácido, Alexandra (55232677900); Socodato, Renato (57195332931); Portugal, Camila C. (57216326335); Mafud, Ana Carolina (36801939700); Ombredane, Alicia S. (56403199900); Moreira, Daniel C. (55308326300); Vale, Nuno (23037309600); Bessa, Lucinda J. (37092470400); Joanitti, Graziella A. (14060375800); Alves, Cláudia (57214262888); Gomes, Paula (7102879822); Delerue-Matos, Cristina (6603741848); Mascarenhas, Yvonne Primerano (7003310927); Marani, Mariela M. (56734259800); Relvas, João B. (6602197103); Pintado, Manuela (7004483898); Leite, José Roberto S.A. (7201818325)","14044592700; 57222002286; 55232677900; 57195332931; 57216326335; 36801939700; 56403199900; 55308326300; 23037309600; 37092470400; 14060375800; 57214262888; 7102879822; 6603741848; 7003310927; 56734259800; 6602197103; 7004483898; 7201818325","Structure and function of a novel antioxidant peptide from the skin of tropical frogs","2018","Free Radical Biology and Medicine","115","","","68","79","11","46","10.1016/j.freeradbiomed.2017.11.001","https://www.scopus.com/inward/record.uri?eid=2-s2.0-85034997591&doi=10.1016%2fj.freeradbiomed.2017.11.001&partnerID=40&md5=2e6f6ab5a026f2c5a205d07aa52b7497","Amphibia; Antioxidant peptide; Antioxidin; Microglia; Reactive oxygen species; Skin secretion","Amphibian Proteins; Animals; Antimicrobial Cationic Peptides; Antioxidants; Anura; Bacterial Infections; Cloning, Molecular; Fibroblasts; Free Radical Scavengers; Mice; Microglia; Molecular Structure; Neuroprotection; NIH 3T3 Cells; Oxidation-Reduction; Protein Conformation; Reactive Oxygen Species; Skin; antioxidin I; antioxidin RP1; menadione; peptide; reactive oxygen metabolite; unclassified drug; amphibian protein; antimicrobial cationic peptide; antioxidant; reactive oxygen metabolite; scavenger; amino acid sequence; animal cell; antibacterial activity; antioxidant activity; Anura; Article; cell hypoxia; cell viability; computer model; controlled study; cytotoxicity; drug isolation; drug purification; drug structure; drug synthesis; embryo; Enterococcus faecalis; Escherichia coli; fibroblast culture; human; human cell; in vitro study; microglia; minimum bactericidal concentration; minimum inhibitory concentration; molecular weight; mouse; neuroprotection; nonhuman; ORAC assay; oxidation reduction state; peptidomics; Phyllomedusa distincta; Phyllomedusa tarsius; Physalaemus nattereri; Pithecopus rohdei; priority journal; Pseudomonas aeruginosa; Staphylococcus aureus; animal; bacterial infection; chemical structure; fibroblast; genetics; immunology; metabolism; molecular cloning; NIH 3T3 cell line; oxidation reduction reaction; physiology; protein conformation; skin","Article","Final","All Open Access; Green Open Access","Scopus","2-s2.0-85034997591"
"Moreira D.C.; Wang Y.; López-Martínez G.; Hermes-Lima M.","Moreira, Daniel C. (55308326300); Wang, Youji (22959076400); López-Martínez, Giancarlo (15760277300); Hermes-Lima, Marcelo (7003603863)","55308326300; 22959076400; 15760277300; 7003603863","Editorial: Redox Metabolism in Environmental and Ecological Physiology of Animals","2022","Frontiers in Physiology","13","","904746","","","","0","10.3389/fphys.2022.904746","https://www.scopus.com/inward/record.uri?eid=2-s2.0-85129904084&doi=10.3389%2ffphys.2022.904746&partnerID=40&md5=2fc101ec9a06ae4436bf9cc4d1c47e3d","antioxidant; dehydration; estivation; oxidative stress; radiation; reactive oxygen species; reproduction","antioxidant; biological marker; chaperone; glutathione; hydrogen peroxide; protein p53; reactive oxygen metabolite; reduced nicotinamide adenine dinucleotide phosphate oxidase; selenocysteine; somatomedin C; transcription factor; transcription factor FOXO; aestivation; cell death; colony formation; cyanobacterium; depression; ecology; Editorial; environmental factor; Eurytemora affinis; gene expression; nonhuman; Oreochromis niloticus; Oryzias latipes; oxidation reduction reaction; oxidative stress; physiology; Pomacea canaliculata; redox signaling; reproduction; signal transduction; upregulation","Editorial","Final","All Open Access; Gold Open Access; Green Open Access","Scopus","2-s2.0-85129904084"
"Paula J.R.; Wang X.; Xu C.; Moreira D.C.","Paula, José Ricardo (57345738700); Wang, Xiaodan (54950564100); Xu, Chang (56709079800); Moreira, Daniel C. (55308326300)","57345738700; 54950564100; 56709079800; 55308326300","Editorial: The defense responses of aquatic animals to the environment","2023","Frontiers in Physiology","14","","1231014","","","","0","10.3389/fphys.2023.1231014","https://www.scopus.com/inward/record.uri?eid=2-s2.0-85163172063&doi=10.3389%2ffphys.2023.1231014&partnerID=40&md5=a2d041d87502477b3252125d6ae11033","environmental stressor; hydrogen sulfide; non-essential element; osmoregulation; pH variation; ultraviolet radiation","hydrogen sulfide; mucin; altitude; aquatic environment; aquatic species; Editorial; nonhuman; oxidative stress; ultraviolet radiation","Editorial","Final","All Open Access; Gold Open Access; Green Open Access","Scopus","2-s2.0-85163172063"
"Geihs M.A.; Moreira D.C.; López-Martínez G.; Minari M.; Ferreira-Cravo M.; Carvajalino-Fernández J.M.; Hermes-Lima M.","Geihs, Márcio A. (23097568800); Moreira, Daniel C. (55308326300); López-Martínez, Giancarlo (15760277300); Minari, Marina (57211394761); Ferreira-Cravo, Marlize (15126617300); Carvajalino-Fernández, Juan Manuel (55909349600); Hermes-Lima, Marcelo (7003603863)","23097568800; 55308326300; 15760277300; 57211394761; 15126617300; 55909349600; 7003603863","Commentary: Ultraviolet radiation triggers “preparation for oxidative stress” antioxidant response in animals: Similarities and interplay with other stressors","2020","Comparative Biochemistry and Physiology -Part A : Molecular and Integrative Physiology","239","","110585","","","","11","10.1016/j.cbpa.2019.110585","https://www.scopus.com/inward/record.uri?eid=2-s2.0-85073749113&doi=10.1016%2fj.cbpa.2019.110585&partnerID=40&md5=6658fccf12b9a544aafb1d487437bb7b","Aquatic animals; Electromagnetic; Free radical; Glutathione; Hormesis; Wavelength","Adaptation, Physiological; Animals; Antioxidants; Oxidation-Reduction; Oxidative Stress; Stress, Physiological; Ultraviolet Rays; oxygen; antioxidant; controlled study; ionizing radiation; mitochondrion; nonhuman; Note; oxidation reduction state; oxidative stress; radiation dose; redox stress; reoxygenation; ultraviolet radiation; adaptation; adverse event; animal; metabolism; oxidation reduction reaction; oxidative stress; physiological stress; radiation response; ultraviolet radiation","Note","Final","","Scopus","2-s2.0-85073749113"
"Welker A.F.; Moreira D.C.; Campos T.G.; Hermes-Lima M.","Welker, Alexis F. (8585126900); Moreira, Daniel C. (55308326300); Campos, Élida G. (56234121700); Hermes-Lima, Marcelo (7003603863)","8585126900; 55308326300; 56234121700; 7003603863","Role of redox metabolism for adaptation of aquatic animals to drastic changes in oxygen availability","2013","Comparative Biochemistry and Physiology - A Molecular and Integrative Physiology","165","4","","384","404","20","132","10.1016/j.cbpa.2013.04.003","https://www.scopus.com/inward/record.uri?eid=2-s2.0-84891613757&doi=10.1016%2fj.cbpa.2013.04.003&partnerID=40&md5=8f373a84e7697ebae205608c34990565","Anoxia; Antioxidants; Hypoxia; Oxidative stress; Oxygen sensing","Adaptation, Biological; Animals; Antioxidants; Environment; Humans; Hydrobiology; Oxidation-Reduction; Oxidative Stress; Oxygen; Reactive Oxygen Species; Respiration; Animalia; antioxidant; free radical; hypoxia inducible factor 1; messenger RNA; oxygen; protein p53; reactive oxygen metabolite; transcription factor Nrf2; oxygen; reactive oxygen metabolite; antioxidant; reactive oxygen metabolite; adaptation; anoxia; antioxidant activity; aquatic environment; aquatic species; bioavailability; hypoxia; metabolic rate; nitrogen availability; nonhuman; oxidative stress; oxygen sensing; protein expression; regulatory mechanism; reoxygenation; review; animal; biology; breathing; environment; human; metabolism; oxidation reduction reaction; metabolism","Review","Final","","Scopus","2-s2.0-84891613757"
"Barbosa E.A.; Plácido A.; Moreira D.C.; Albuquerque L.; Dematei A.; Silva-Carvalho A.É.; Cabral W.F.; Báo S.N.; Saldanha-Araújo F.; Kuckelhaus S.A.S.; Borges T.K.; Portugal C.C.; Socodato R.; Teixeira C.; Lima F.C.D.A.; Batagin-Neto A.; Sebben A.; Eaton P.; Gomes P.; Brand G.D.; Relvas J.B.; Kato M.J.; Leite J.R.S.A.","Barbosa, Eder Alves (14044592700); Plácido, Alexandra (55232677900); Moreira, Daniel C. (55308326300); Albuquerque, Lucas (57202609898); Dematei, Anderson (57195954021); Silva-Carvalho, Amandda É. (57204085906); Cabral, Wanessa F. (57126003500); Báo, Sonia N. (7201558797); Saldanha-Araújo, Felipe (25026388400); Kuckelhaus, Selma A. S. (8313515500); Borges, Tatiana K. (56465595400); Portugal, Camila C. (57216326335); Socodato, Renato (57195332931); Teixeira, Cátia (23981482200); Lima, Filipe Camargo D. A. (56052811600); Batagin-Neto, Augusto (15069371100); Sebben, Antônio (6602224564); Eaton, Peter (7005831154); Gomes, Paula (7102879822); Brand, Guilherme D. (8639196800); Relvas, Joao B. (6602197103); Kato, Massuo J. (7406306098); Leite, Jose Roberto S. A. (7201818325)","14044592700; 55232677900; 55308326300; 57202609898; 57195954021; 57204085906; 57126003500; 7201558797; 25026388400; 8313515500; 56465595400; 57216326335; 57195332931; 23981482200; 56052811600; 15069371100; 6602224564; 7005831154; 7102879822; 8639196800; 6602197103; 7406306098; 7201818325","The peptide secreted at the water to land transition in a model amphibian has antioxidant effects","2021","Proceedings of the Royal Society B: Biological Sciences","288","1962","20211531","","","","4","10.1098/rspb.2021.1531","https://www.scopus.com/inward/record.uri?eid=2-s2.0-85119997100&doi=10.1098%2frspb.2021.1531&partnerID=40&md5=28b62d30ae893e92cc1f61a1a72d031b","Amphibia; antioxidant peptide; MALDI mass spectrometry imaging; oxidative stress; Pithecopus azureus; tryptophyllin","Animals; Antioxidants; Anura; Humans; Mammals; Peptides; Skin; Water; Amphibia; Mammalia; antioxidant; peptide; water; antioxidant; aquatic environment; developmental stage; frog; ontogeny; peptide; physiology; secretion; animal; Anura; human; mammal; physiology; skin","Article","Final","All Open Access; Green Open Access","Scopus","2-s2.0-85119997100"
"Plácido A.; do Pais do Amaral C.; Teixeira C.; Nogueira A.; Brango-Vanegas J.; Alves Barbosa E.; C. Moreira D.; Silva-Carvalho A.É.; da Silva M.D.G.; do Nascimento Dias J.; Albuquerque P.; Saldanha-Araújo F.; C. D. A. Lima F.; Batagin-Neto A.; Kuckelhaus S.; Bessa L.; Freitas J.; Dotto Brand G.; C. Santos N.; B. Relvas J.; Gomes P.; S. A. Leite J.R.; Eaton P.","Plácido, Alexandra (55232677900); do Pais do Amaral, Constança (57615417600); Teixeira, Cátia (23981482200); Nogueira, Ariane (57611450200); Brango-Vanegas, José (56029877500); Alves Barbosa, Eder (57215687534); C. Moreira, Daniel (55308326300); Silva-Carvalho, Amandda É. (57204085906); da Silva, Maria da Gloria (57219848293); do Nascimento Dias, Jhones (57211714718); Albuquerque, Patrícia (14526846200); Saldanha-Araújo, Felipe (25026388400); C. D. A. Lima, Filipe (57613452700); Batagin-Neto, Augusto (15069371100); Kuckelhaus, Selma (8313515500); Bessa, Lucinda J. (37092470400); Freitas, Jaime (57204348265); Dotto Brand, Guilherme (8639196800); C. Santos, Nuno (55940818300); B. Relvas, João (57611450300); Gomes, Paula (7102879822); S. A. Leite, José Roberto (57203490694); Eaton, Peter (7005831154)","55232677900; 57615417600; 23981482200; 57611450200; 56029877500; 57215687534; 55308326300; 57204085906; 57219848293; 57211714718; 14526846200; 25026388400; 57613452700; 15069371100; 8313515500; 37092470400; 57204348265; 8639196800; 55940818300; 57611450300; 7102879822; 57203490694; 7005831154","Neuroprotective effects on microglia and insights into the structure–activity relationship of an antioxidant peptide isolated from Pelophylax perezi","2022","Journal of Cellular and Molecular Medicine","26","10","","2793","2807","14","3","10.1111/jcmm.17292","https://www.scopus.com/inward/record.uri?eid=2-s2.0-85128779284&doi=10.1111%2fjcmm.17292&partnerID=40&md5=ab7444d2ae5c1985bc9f29d4ff149b99","Amphibia; antioxidant; bioactive peptide; neuroprotection; Pelophylax perezi; tryptophyllin","antioxidant; edetic acid; peptide; phosphate buffered saline; potassium salt; reactive oxygen metabolite; tryptophyllin like peptide; unclassified drug; ABTS radical scavenging assay; animal cell; Article; biological activity; BV-2 cell line; cell proliferation; cis- trans isomerization; controlled study; cytotoxicity assay; De novo peptide sequencing; electrostimulation; Enterococcus faecalis; Escherichia coli; flow cytometry; Galleria mellonella; hemolysis; hemolysis assay; high performance liquid chromatography; human; human cell; hydroxyl radical scavenging assay; in vivo study; isoelectric point; isomerization; mass spectrometry; matrix-assisted laser desorption-ionization mass spectrometry; microglia; minimum inhibitory concentration; nerve stimulation; neuroprotection; nonhuman; oxidative stress; Pelophylax perezi; peptide synthesis; Pseudomonas aeruginosa; purification; reversed phase high performance liquid chromatography; sequence analysis; skin pigmentation; skin secretion; solid phase peptide synthesis; Staphylococcus aureus; structure activity relation; tryptophyllin","Article","Final","All Open Access; Green Open Access","Scopus","2-s2.0-85128779284"
"Santos B.W.L.; Moreira D.C.; Borges T.K.S.; Caldas E.D.","Santos, Beatriz Werneck Lopes (57034894400); Moreira, Daniel Carneiro (55308326300); Borges, Tatiana Karla Dos Santos (56465595400); Caldas, Eloisa Dutra (6701392562)","57034894400; 55308326300; 56465595400; 6701392562","Components of Banisteriopsis caapi, a Plant Used in the Preparation of the Psychoactive Ayahuasca, Induce Anti-Inflammatory Effects in Microglial Cells","2022","Molecules","27","8","2500","","","","4","10.3390/molecules27082500","https://www.scopus.com/inward/record.uri?eid=2-s2.0-85129048016&doi=10.3390%2fmolecules27082500&partnerID=40&md5=9e7a1ed75d15d021ab01dcbe5c06aeb4","ayahuasca; Banisteriopsis caapi; BV-2 microglial cells; cytokines; reactive oxygen species; ß-carbolines","","Article","Final","All Open Access; Gold Open Access; Green Open Access","Scopus","2-s2.0-85129048016"
"Cubas Rolim E.; Martins de Oliveira J.; Dalvi L.T.; Moreira D.C.; Garcia Caldas N.; Fernandes Lobo F.; André Polli D.; Campos É.G.; Hermes-Lima M.","Cubas Rolim, Estêvão (57192297213); Martins de Oliveira, Julia (57192295648); Dalvi, Luana T. (8314931800); Moreira, Daniel C. (55308326300); Garcia Caldas, Natasha (56650915300); Fernandes Lobo, Felipe (57192296517); André Polli, Démerson (6603259330); Campos, Élida G. (56234121700); Hermes-Lima, Marcelo (7003603863)","57192297213; 57192295648; 8314931800; 55308326300; 56650915300; 57192296517; 6603259330; 56234121700; 7003603863","Blog construction as an effective tool in biochemistry active learning","2017","Biochemistry and Molecular Biology Education","45","3","","205","215","10","1","10.1002/bmb.21028","https://www.scopus.com/inward/record.uri?eid=2-s2.0-85003549271&doi=10.1002%2fbmb.21028&partnerID=40&md5=82947c93fa23b73c722c41e09f19fddd","active learning; Education 2.0; medicine; metabolism; nutrition","Biochemistry; Blogging; Education, Medical, Undergraduate; Humans; Internet; Problem-Based Learning; Students; Surveys and Questionnaires; biochemistry; blogging; classification; education; human; Internet; medical education; problem based learning; questionnaire; statistics and numerical data; student","Article","Final","All Open Access; Bronze Open Access","Scopus","2-s2.0-85003549271"
"Giraud-Billoud M.; Rivera-Ingraham G.A.; Moreira D.C.; Burmester T.; Castro-Vazquez A.; Carvajalino-Fernández J.M.; Dafre A.; Niu C.; Tremblay N.; Paital B.; Rosa R.; Storey J.M.; Vega I.A.; Zhang W.; Yepiz-Plascencia G.; Zenteno-Savin T.; Storey K.B.; Hermes-Lima M.","Giraud-Billoud, Maximiliano (24491821500); Rivera-Ingraham, Georgina A. (24512535400); Moreira, Daniel C. (55308326300); Burmester, Thorsten (56265321100); Castro-Vazquez, Alfredo (55981267400); Carvajalino-Fernández, Juan M. (55909349600); Dafre, Alcir (23492058500); Niu, Cuijuan (7102313514); Tremblay, Nelly (35197212700); Paital, Biswaranjan (23985596400); Rosa, Rui (7102610088); Storey, Janet M. (57204569242); Vega, Israel A. (6701447521); Zhang, Wenyi (55775749500); Yepiz-Plascencia, Gloria (7003846278); Zenteno-Savin, Tania (6602620228); Storey, Kenneth B. (57203234033); Hermes-Lima, Marcelo (7003603863)","24491821500; 24512535400; 55308326300; 56265321100; 55981267400; 55909349600; 23492058500; 7102313514; 35197212700; 23985596400; 7102610088; 57204569242; 6701447521; 55775749500; 7003846278; 6602620228; 57203234033; 7003603863","Twenty years of the ‘Preparation for Oxidative Stress’ (POS) theory: Ecophysiological advantages and molecular strategies","2019","Comparative Biochemistry and Physiology -Part A : Molecular and Integrative Physiology","234","","","36","49","13","82","10.1016/j.cbpa.2019.04.004","https://www.scopus.com/inward/record.uri?eid=2-s2.0-85064690836&doi=10.1016%2fj.cbpa.2019.04.004&partnerID=40&md5=3ec27f9d52b85098629762d9a02ea91c","Aerial exposure; Dehydration; Estivation; Freezing; Hibernation; Hypoxia; Salinity stress","Adaptation, Physiological; Animals; Annelida; Dehydration; Evolution, Molecular; Freezing; Hypoxia; Mollusca; Oxidative Stress; Salinity; enzyme; microRNA; transcription factor; adaptation; aestivation; animal model; anoxia; benthos; cold tolerance; ecophysiology; environmental exposure; environmental factor; environmental stress; environmental temperature; epigenetics; estuarine species; freezing; hibernation; hypoxia; intertidal species; nonhuman; oxidative stress; pelagic species; plankton; protein processing; regulatory mechanism; Review; RNA translation; salt stress; adverse event; animal; annelid; dehydration; genetics; hypoxia; metabolism; molecular evolution; mollusc; oxidative stress; physiology; salinity","Review","Final","","Scopus","2-s2.0-85064690836"
"Moreira D.C.; Carvajalino-Fernández J.M.; Silva W.P.; Kuzniewski F.; Navas C.A.; de Carvalho J.E.; Hermes-Lima M.","Moreira, Daniel C. (55308326300); Carvajalino-Fernández, Juan M. (55909349600); Silva, Willianilson P. (57215858466); Kuzniewski, Felipe (57215857648); Navas, Carlos A. (7003298478); de Carvalho, José E. (7202738697); Hermes-Lima, Marcelo (7003603863)","55308326300; 55909349600; 57215858466; 57215857648; 7003298478; 7202738697; 7003603863","Preparation for oxidative stress in Proceratophrys cristiceps (Anura, Odontophrynidae) naturally estivating in the Brazilian Caatinga","2020","Science of the Total Environment","723","","137957","","","","9","10.1016/j.scitotenv.2020.137957","https://www.scopus.com/inward/record.uri?eid=2-s2.0-85082102573&doi=10.1016%2fj.scitotenv.2020.137957&partnerID=40&md5=a20157fec31f72caeb24852e56ea7bf9","Anuran; Caatinga; Glutathione; Metabolic depression; Reactive oxygen species; Redox balance","Animals; Antioxidants; Anura; Brazil; Ecosystem; Glutathione; Hydrogen Peroxide; Oxidative Stress; Brazil; Animalia; Anura; Proceratophrys cristiceps; Animals; Antioxidants; Detoxification; Enzymes; Metabolism; Muscle; Oxidative stress; Reactive oxygen species; Sulfur compounds; catalase; citrate synthase; glutathione; glutathione peroxidase; isocitrate dehydrogenase; antioxidant; glutathione; hydrogen peroxide; Anuran; Caatinga; Glutathiones; Metabolic depression; Redox balances; antioxidant; enzyme activity; frog; metabolism; oxidative stress; reactive oxygen species; redox conditions; aerobic metabolism; aestivation; Anura; Article; controlled study; detoxification; enzyme activity; enzyme metabolism; microhabitat; nonhuman; oxidation reduction reaction; oxidative stress; priority journal; Proceratophrys cristiceps; rainy season; upregulation; animal; Anura; Brazil; ecosystem; oxidative stress; Peptides","Article","Final","","Scopus","2-s2.0-85082102573"
"Moreira D.C.; Oliveira M.F.; Liz-Guimarães L.; Diniz-Rojas N.; Campos É.G.; Hermes-Lima M.","Moreira, Daniel C. (55308326300); Oliveira, Marcus F. (7402586578); Liz-Guimarães, Lara (57195916236); Diniz-Rojas, Nilda (57195919495); Campos, Élida G. (56234121700); Hermes-Lima, Marcelo (7003603863)","55308326300; 7402586578; 57195916236; 57195919495; 56234121700; 7003603863","Corrigendum: Current trends and research challenges regarding ""preparation for oxidative stress"" [Front. Physiol., 8, (2017), (702)] doi: 10.3389/fphys.2017.00702","2018","Frontiers in Physiology","9","JUL","950","","","","0","10.3389/fphys.2018.00950","https://www.scopus.com/inward/record.uri?eid=2-s2.0-85049863923&doi=10.3389%2ffphys.2018.00950&partnerID=40&md5=0d4bc498d50679cf0c74c2a6922f391d","Antioxidant; Biochemical adaptation; Estivation; Hypoxia; Oxidative stress; Reactive oxygen species","erratum","Erratum","Final","All Open Access; Gold Open Access; Green Open Access","Scopus","2-s2.0-85049863923"
"Dematei A.; Nunes J.B.; Moreira D.C.; Jesus J.A.; Laurenti M.D.; Mengarda A.C.A.; Vieira M.S.; Do Amaral C.P.; Domingues M.M.; De Moraes J.; Passero L.F.D.; Brand G.; Bessa L.J.; Wimmer R.; Kuckelhaus S.A.S.; Tomás A.M.; Santos N.C.; Plácido A.; Eaton P.; Leite J.R.S.A.","Dematei, Anderson (57195954021); Nunes, João B. (57224897640); Moreira, Daniel C. (55308326300); Jesus, Jéssica A. (56545362300); Laurenti, Márcia D. (6603608113); Mengarda, Ana C. A. (57195245649); Vieira, Maria Silva (57212117412); Do Amaral, Constança Pais (57211666174); Domingues, Marco M. (24314908700); De Moraes, Josué (35763592900); Passero, Luiz F. D. (10840752600); Brand, Guilherme (8639196800); Bessa, Lucinda J. (37092470400); Wimmer, Reinhard (7005403263); Kuckelhaus, Selma A. S. (8313515500); Tomás, Ana M. (7006293534); Santos, Nuno C. (55940818300); Plácido, Alexandra (55232677900); Eaton, Peter (7005831154); Leite, José Roberto S. A. (7201818325)","57195954021; 57224897640; 55308326300; 56545362300; 6603608113; 57195245649; 57212117412; 57211666174; 24314908700; 35763592900; 10840752600; 8639196800; 37092470400; 7005403263; 8313515500; 7006293534; 55940818300; 55232677900; 7005831154; 7201818325","Mechanistic Insights into the Leishmanicidal and Bactericidal Activities of Batroxicidin, a Cathelicidin-Related Peptide from a South American Viper (Bothrops atrox)","2021","Journal of Natural Products","84","6","","1787","1798","11","11","10.1021/acs.jnatprod.1c00153","https://www.scopus.com/inward/record.uri?eid=2-s2.0-85108565418&doi=10.1021%2facs.jnatprod.1c00153&partnerID=40&md5=6ad2a3755748b9c2292b0b19334e6889","","Amino Acid Sequence; Animals; Anti-Bacterial Agents; Antimicrobial Peptides; Antiprotozoal Agents; Bothrops; Cathelicidins; Cells, Cultured; Leishmania; Macrophages; Mice, Inbred BALB C; Microbial Sensitivity Tests; Snake Venoms; South America; amphotericin B; antileishmanial agent; bactericide; batroxicidin; cathelicidin; snake venom; unclassified drug; antiinfective agent; antiprotozoal agent; cathelicidin; polypeptide antibiotic agent; amastigote; animal cell; antibacterial activity; atomic force microscopy; bactericidal activity; Bothrops; Bothrops atrox; cell membrane permeability; circular dichroism; concentration response; controlled study; cytotoxicity assay; drug mechanism; drug potency; drug screening; drug selectivity; Enterococcus faecalis; Escherichia coli; human; human cell; Leishmania amazonensis; leishmanicidal activity; membrane model; methicillin resistant Staphylococcus aureus; nonhuman; nuclear magnetic resonance; promastigote; Pseudomonas aeruginosa; Review; spectrofluorometry; Staphylococcus aureus; amino acid sequence; animal; Bagg albino mouse; cell culture; chemistry; drug effect; Leishmania; macrophage; microbial sensitivity test; South America","Review","Final","","Scopus","2-s2.0-85108565418"
"Campelo Y.; Ombredane A.; Vasconcelos A.G.; Albuquerque L.; Moreira D.C.; Plácido A.; Rocha J.; Fokoue H.H.; Yamaguchi L.; Mafud A.; Mascarenhas Y.P.; Delerue-Matos C.; Borges T.; Joanitti G.A.; Arcanjo D.; Kato M.J.; Kuckelhaus S.A.S.; Silva M.P.N.; de Moraes J.; Leite J.R.S.A.","Campelo, Yuri (55204819300); Ombredane, Alicia (56403199900); Vasconcelos, Andreanne G. (57055189300); Albuquerque, Lucas (57202609898); Moreira, Daniel C. (55308326300); Plácido, Alexandra (55232677900); Rocha, Jefferson (57186187900); Fokoue, Harold Hilarion (55440133800); Yamaguchi, Lydia (8780177200); Mafud, Ana (36801939700); Mascarenhas, Yvonne P. (7003310927); Delerue-Matos, Cristina (6603741848); Borges, Tatiana (56465595400); Joanitti, Graziella A. (14060375800); Arcanjo, Daniel (47861880200); Kato, Massuo J. (7406306098); Kuckelhaus, Selma A. S. (8313515500); Silva, Marcos P. N. (56084795500); de Moraes, Josué (35763592900); Leite, José Roberto S. A. (7201818325)","55204819300; 56403199900; 57055189300; 57202609898; 55308326300; 55232677900; 57186187900; 55440133800; 8780177200; 36801939700; 7003310927; 6603741848; 56465595400; 14060375800; 47861880200; 7406306098; 8313515500; 56084795500; 35763592900; 7201818325","Structure–Activity relationship of piplartine and synthetic analogues against schistosoma mansoni and cytotoxicity to mammalian cells","2018","International Journal of Molecular Sciences","19","6","1802","","","","13","10.3390/ijms19061802","https://www.scopus.com/inward/record.uri?eid=2-s2.0-85048894479&doi=10.3390%2fijms19061802&partnerID=40&md5=8959c728f600d4ee38b0d761036935cd","Analogues; Cytotoxicity; Piplartine; Schistosoma mansoni","3T3 Cells; Animals; Anthelmintics; Cricetinae; Fibroblasts; Macrophages; Mice; Mice, Inbred BALB C; Piper; Piperidones; Plant Extracts; Quantitative Structure-Activity Relationship; Schistosoma mansoni; Snails; alkaloid derivative; antischistosomal agent; piplartine; praziquantel; unclassified drug; anthelmintic agent; piperidone derivative; piplartine; plant extract; adult; animal cell; antimicrobial activity; Article; cell death; cell viability; computer model; controlled study; cytolysis assay; cytotoxicity; cytotoxicity assay; female; flow cytometry; human; human cell; infrared spectroscopy; male; MTT assay; nonhuman; physical chemistry; Piper (plant); piper tuberculatum; proton nuclear magnetic resonance; reversed phase high performance liquid chromatography; Schistosoma mansoni; schistosomiasis; structure activity relation; ultraviolet visible spectrophotometry; 3T3 cell line; animal; Bagg albino mouse; chemistry; drug effect; fibroblast; hamster; macrophage; mouse; quantitative structure activity relation; snail","Article","Final","All Open Access; Gold Open Access; Green Open Access","Scopus","2-s2.0-85048894479"
"Moreira D.C.; Campos É.G.; Giraud-Billoud M.; Storey K.B.; Hermes-Lima M.","Moreira, Daniel C. (55308326300); Campos, Élida G. (56234121700); Giraud-Billoud, Maximiliano (24491821500); Storey, Kenneth B. (57203234033); Hermes-Lima, Marcelo (7003603863)","55308326300; 56234121700; 24491821500; 57203234033; 7003603863","Commentary: On the merit of an early contributor of the “Preparation for Oxidative Stress” (POS) theory","2023","Comparative Biochemistry and Physiology -Part A : Molecular and Integrative Physiology","276","","111341","","","","4","10.1016/j.cbpa.2022.111341","https://www.scopus.com/inward/record.uri?eid=2-s2.0-85142310392&doi=10.1016%2fj.cbpa.2022.111341&partnerID=40&md5=16b65fed9e1d6bf2aed2326d0227b90d","Antioxidant; Hormesis; Hypoxia; Oxygen; Reactive oxygen species; Redox biology","Animals; Antioxidants; Hypoxia; Oxidative Stress; Oxygen; Reactive Oxygen Species; antioxidant; enzyme; radical; transcription factor; antioxidant; oxygen; reactive oxygen metabolite; aestivation; air; anoxia; antioxidant activity; biologist; dehydration; exposure; freezing; goldfish; human; hypoxia; nonhuman; Note; oxidative stress; physiological stress; publication; radiation exposure; reoxygenation; salt stress; theory; ultraviolet radiation; upregulation; animal; metabolism; physiology","Note","Final","","Scopus","2-s2.0-85142310392"
"Oliveira M.F.; Geihs M.A.; França T.F.A.; Moreira D.C.; Hermes-Lima M.","Oliveira, Marcus F. (7402586578); Geihs, Marcio A. (23097568800); França, Thiago F.A. (57195402845); Moreira, Daniel C. (55308326300); Hermes-Lima, Marcelo (7003603863)","7402586578; 23097568800; 57195402845; 55308326300; 7003603863","Is ""preparation for oxidative stress"" a case of physiological conditioning hormesis?","2018","Frontiers in Physiology","9","AUG","945","","","","63","10.3389/fphys.2018.00945","https://www.scopus.com/inward/record.uri?eid=2-s2.0-85054932289&doi=10.3389%2ffphys.2018.00945&partnerID=40&md5=8722a982f84a23691b43221330a7bba6","Antioxidant; Biochemical adaptation; Estivation; Hypoxia; Oxidative stress; Reactive oxygen species; Redox","phosphatidylinositol 3,4,5 trisphosphate 3 phosphatase; protein tyrosine phosphatase 1B; transcription factor Nrf2; adaptation; antioxidant activity; cell hypoxia; enzyme activity; hormesis; nonhuman; Note; oxidation reduction state; oxidative stress; physiologic conditioning; protein expression; protein phosphorylation","Note","Final","All Open Access; Gold Open Access; Green Open Access","Scopus","2-s2.0-85054932289"
"Moreira D.C.; Venancio L.P.R.; Sabino M.A.C.T.; Hermes-Lima M.","Moreira, Daniel C. (55308326300); Venancio, Larissa P.R. (23986928500); Sabino, Marcus A.C.T. (57119399700); Hermes-Lima, Marcelo (7003603863)","55308326300; 23986928500; 57119399700; 7003603863","How widespread is preparation for oxidative stress in the animal kingdom?","2016","Comparative Biochemistry and Physiology -Part A : Molecular and Integrative Physiology","200","","","64","78","14","53","10.1016/j.cbpa.2016.01.023","https://www.scopus.com/inward/record.uri?eid=2-s2.0-84958267889&doi=10.1016%2fj.cbpa.2016.01.023&partnerID=40&md5=7d4af502d8090b848eca75544a8482d5","Air exposure; Anoxia; Antioxidant; Dehydration; Estivation; Freezing; Glutathione; Hypoxia; Oxidative stress; Reactive oxygen species","Adaptation, Physiological; Animals; Antioxidants; Biodiversity; Data Mining; Enzymes; Freezing; Glutathione; Hypoxia; Oxidative Stress; antioxidant; catalase; copper zinc superoxide dismutase; glutathione; glutathione peroxidase; glutathione transferase; manganese superoxide dismutase; metallothionein; oxygen; peroxiredoxin; selenium; selenium dependent glutathione peroxidase; superoxide dismutase; unclassified drug; antioxidant; enzyme; glutathione; aestivation; Amphibia; animal experiment; animal model; annelid; anoxia; arthropod; Article; bivalve; cephalopod; Chordata; Cnidaria; controlled study; dehydration; echinoderm; environmental exposure; freezing; hypoxia; insect; molecular biology; mollusc; nematode; nonhuman; oxidative stress; prevalence; reptile; species composition; survival rate; Tardigrada; adaptation; animal; biodiversity; data mining; enzymology; hypoxia; metabolism; pathophysiology; veterinary medicine","Article","Final","","Scopus","2-s2.0-84958267889"
"Caetano-Silva M.E.; Simabuco F.M.; Bezerra R.M.N.; Da Silva D.C.; Barbosa E.A.; Moreira D.C.; Brand G.D.; Leite J.R.D.S.D.A.; Pacheco M.T.B.","Caetano-Silva, Maria Elisa (56560237900); Simabuco, Fernando Moreira (15926246800); Bezerra, Rosângela Maria Neves (7003699883); Da Silva, Daniele Cristina (57219169776); Barbosa, Eder Alves (14044592700); Moreira, Daniel Carneiro (55308326300); Brand, Guilherme Dotto (8639196800); Leite, José Roberto De Souza De Almeida (7201818325); Pacheco, Maria Teresa Bertoldo (7103100292)","56560237900; 15926246800; 7003699883; 57219169776; 14044592700; 55308326300; 8639196800; 7201818325; 7103100292","Isolation and Sequencing of Cu-, Fe-, and Zn-Binding Whey Peptides for Potential Neuroprotective Applications as Multitargeted Compounds","2020","Journal of Agricultural and Food Chemistry","68","44","","12433","12443","10","4","10.1021/acs.jafc.0c03647","https://www.scopus.com/inward/record.uri?eid=2-s2.0-85095672216&doi=10.1021%2facs.jafc.0c03647&partnerID=40&md5=710b99db2eb79a601ffc72e086d60d7d","chelating peptides; food-derived peptides; IMAC fractions; in vitro anticholinesterase activity; in vitro antioxidant activity; mass spectrometry; synthetic peptides","Animals; Cattle; Chelating Agents; Copper; Iron; Neuroprotective Agents; Peptides; Whey; Whey Proteins; Zinc; Affinity chromatography; Amino acids; Antioxidants; Binding sites; Dairies; Metals; Neurodegenerative diseases; chelating agent; copper; iron; neuroprotective agent; peptide; whey protein; zinc; Acetylcholinesterase; Amino acid sequence; Anticholinesterase activities; Central nervous systems; Different mechanisms; Immobilized metal affinity chromatography; Metal binding peptide; Oxygen radical absorbance capacities; animal; bovine; chemistry; isolation and purification; whey; Peptides","Article","Final","","Scopus","2-s2.0-85095672216"
"Kückelhaus S.A.S.; de Aquino D.S.; Borges T.K.; Moreira D.C.; Leite L.M.; Muniz-Junqueira M.I.; Kückelhaus C.S.; Sierra Romero G.A.; Prates M.V.; Bloch C., Jr.; Leite J.R.S.A.","Kückelhaus, Selma A. S. (8313515500); de Aquino, Daniela Sant’Ana (57217592467); Borges, Tatiana K. (56465595400); Moreira, Daniel C. (55308326300); Leite, Luciana de Magalhães (57196187453); Muniz-Junqueira, Maria Imaculada (55663945200); Kückelhaus, Carlos S. (55177820500); Sierra Romero, Gustavo A. (7101975778); Prates, Maura V. (6701431451); Bloch, Carlos (7102483585); Leite, José Roberto S. A. (7201818325)","8313515500; 57217592467; 56465595400; 55308326300; 57196187453; 55663945200; 55177820500; 7101975778; 6701431451; 7102483585; 7201818325","Phylloseptin-1 is leishmanicidal for amastigotes of leishmania amazonensis inside infected macrophages","2020","International Journal of Environmental Research and Public Health","17","13","4856","1","14","13","7","10.3390/ijerph17134856","https://www.scopus.com/inward/record.uri?eid=2-s2.0-85087392943&doi=10.3390%2fijerph17134856&partnerID=40&md5=5f5cd623672d613a4e38f88ff871d309","Antimicrobial peptides; Cytokine; Leishmaniasis; Oxidative stress","Animals; Female; Leishmania; Macrophages; Macrophages, Peritoneal; Mice; Mice, Inbred BALB C; Leishmania amazonensis; Phyllomedusa; Protozoa; hydrogen peroxide; interleukin 12; natural product; nitric oxide; peptide derivative; phylloseptin 1; transforming growth factor beta; tumor necrosis factor; unclassified drug; disease resistance; disease transmission; disease treatment; immune system; parasitic disease; peptide; public health; adult; amastigote; animal cell; Article; concentration response; controlled study; cytokine release; drug isolation; drug synthesis; female; in vitro study; Leishmania amazonensis; leishmanicidal activity; macrophage; mouse; nonhuman; animal; Bagg albino mouse; Leishmania; macrophage; peritoneum macrophage","Article","Final","All Open Access; Gold Open Access; Green Open Access","Scopus","2-s2.0-85087392943"
"Barros A.L.A.N.; Hamed A.; Marani M.; Moreira D.C.; Eaton P.; Plácido A.; Kato M.J.; Leite J.R.S.A.","Barros, Ana L. A. N. (57327792500); Hamed, Abdelaaty (57193274747); Marani, Mariela (56734259800); Moreira, Daniel C. (55308326300); Eaton, Peter (7005831154); Plácido, Alexandra (55232677900); Kato, Massuo J. (7406306098); Leite, José Roberto S. A. (7201818325)","57327792500; 57193274747; 56734259800; 55308326300; 7005831154; 55232677900; 7406306098; 7201818325","The Arsenal of Bioactive Molecules in the Skin Secretion of Urodele Amphibians","2022","Frontiers in Pharmacology","12","","810821","","","","3","10.3389/fphar.2021.810821","https://www.scopus.com/inward/record.uri?eid=2-s2.0-85123957555&doi=10.3389%2ffphar.2021.810821&partnerID=40&md5=b17f26a25c8342947784e7804e6dcdcd","alkaloids; amphibians; bioactive molecules; peptides; urodela","3 hydroxybutanoylsamandarine; alkaloid; andricin 01; andricin B; biogenic amine; cycloneosamandione; fatty acid; histamine; histidylserylaspartylalanylvalylphenylalanylthreonylaspartylasparaginyltyrosylserylarginylleucylleucylalanyllysylthreonylalanylleucyllysylasparaginyltyrosylleucylaspartylglycylalanylleucyllysyllysylglutamic acid; histidylserylaspartylalanylvalylphenylalanylthreonylaspartylasparaginyltyrosylserylarginylleucylleucylglycyllysylisoleucylalanylleucyllysylasparaginyltyrosylleucylaspartylglutamylalanylleucyllysyllysylglutamic acid; histidylserylaspartylalanylvalylphenylalanylthreonylaspartylasparaginyltyrosylserylarginylleucylleucylglycyllysylthreonylalanylleucyllysylasparaginyltyrosylleucylaspartylglycylalanylleucyllysyllysylglutamic acid; histidylserylaspartylalanylvalylphenylalanylthreonylaspartylasparaginyltyrosylserylarginylleucylleucylglycyllysylthreonylalanylleucyllysylasparaginyltyrosylleucylaspartylserylalanylleucyllysyllysylglutamic acid; isocycloneosamandiridine; linolenic acid; myristoleic acid; o acetylsamandarine; palmitoleic acid; peptide derivative; phenethylamine; polypeptide antibiotic agent; putrescine; salamandarine; salamandrin I; samandaridine; samandarine; samandarone; samandenone; samandinine; samanine; samanone; tryptamine; tylotoin; unclassified drug; antibacterial activity; antibiotic resistance; antifungal activity; antineoplastic activity; antioxidant activity; breast cancer; Caudata; drug cytotoxicity; drug identification; drug isolation; drug structure; human; immunomodulation; minimum inhibitory concentration; molecular weight; muscle relaxation; nonhuman; Review; salamander; Salamandridae; skin injury; skin secretion; wound healing","Review","Final","All Open Access; Gold Open Access; Green Open Access","Scopus","2-s2.0-85123957555"
"Moreira D.C.; Oliveira M.F.; Liz-Guimarães L.; Diniz-Rojas N.; Campos É.G.; Hermes-Lima M.","Moreira, Daniel C. (55308326300); Oliveira, Marcus F. (7402586578); Liz-Guimarães, Lara (57195916236); Diniz-Rojas, Nilda (57195919495); Campos, Élida G. (56234121700); Hermes-Lima, Marcelo (7003603863)","55308326300; 7402586578; 57195916236; 57195919495; 56234121700; 7003603863","Current trends and research challenges regarding ""preparation for oxidative stress""","2017","Frontiers in Physiology","8","SEP","702","","","","31","10.3389/fphys.2017.00702","https://www.scopus.com/inward/record.uri?eid=2-s2.0-85030121921&doi=10.3389%2ffphys.2017.00702&partnerID=40&md5=a2016b59394e90fc703e3dd91c3eb9bd","Antioxidant; Biochemical adaptation; Estivation; Hypoxia; Oxidative stress; Reactive oxygen species","reactive oxygen metabolite; adaptation; Article; evolution; nonhuman; oxidation reduction reaction; oxidative stress; phylogeny; prevalence; research; trend study; wilderness","Article","Final","All Open Access; Gold Open Access; Green Open Access","Scopus","2-s2.0-85030121921"
"de Sousa N.A.; Marani M.M.; Lopes A.L.F.; Silva E.M.; Barbosa E.A.; Vasconcelos A.G.; Kuzniewski F.T.B.; Lustosa S.S.; Gomes K.P.; Colugnati D.B.; Rocha J.A.; Santos L.H.; Benquerer M.P.; Quelemes P.; Véras L.; Moreira D.C.; Gadelha K.K.L.; Magalhães P.J.C.; Plácido A.; Eaton P.; Nicolau L.; Medeiros J.V.R.; Leite J.R.S.A.","de Sousa, Nayara Alves (57198492314); Marani, Mariela M. (56734259800); Lopes, André Luís Fernandes (57209011009); Silva, Emanuelle Morais (57485114300); Barbosa, Eder Alves (14044592700); Vasconcelos, Andreanne Gomes (57055189300); Kuzniewski, Felipe T. B. (57215857648); Lustosa, Suellen Sousa (57485114400); Gomes, Karina Pereira (57190134466); Colugnati, Diego Basile (12240521300); Rocha, Jefferson A. (57186187900); Santos, Lucianna Helene (57195474342); Benquerer, Marcelo P. (57485330200); Quelemes, Patrick (55624545300); Véras, Leiz (55204445200); Moreira, Daniel C. (55308326300); Gadelha, Kalinne Kelly Lima (57191622505); Magalhães, Pedro Jorge Caldas (7003731078); Plácido, Alexandra (55232677900); Eaton, Peter (7005831154); Nicolau, Lucas (55486471500); Medeiros, Jand Venes R. (23568370300); Leite, José R. S. A. (7201818325)","57198492314; 56734259800; 57209011009; 57485114300; 14044592700; 57055189300; 57215857648; 57485114400; 57190134466; 12240521300; 57186187900; 57195474342; 57485330200; 55624545300; 55204445200; 55308326300; 57191622505; 7003731078; 55232677900; 7005831154; 55486471500; 23568370300; 7201818325","BR-bombesin: a novel bombesin-related peptide from the skin secretion of the Chaco tree frog (Boana raniceps) with physiological gastric effects","2022","Amino Acids","54","5","","733","747","14","3","10.1007/s00726-021-03114-4","https://www.scopus.com/inward/record.uri?eid=2-s2.0-85126267666&doi=10.1007%2fs00726-021-03114-4&partnerID=40&md5=140cc768968926b23c2bc86ecdcbda24","Amphibian; Bioactive peptide; Gastric secretion; Gastrin releasing peptide; Gastrointestinal activity; Neuromedin B","bombesin; carbachol; gastrin releasing peptide receptor; glycylglycylasparaginylglutaminyltryptophylalanylisoleucylglycylhistidinylphenylalanylmethionylamide; neuromedin B; neuromedin C; peptide derivative; unclassified drug; amino acid sequence; animal tissue; Anura; Article; Boana raniceps; carboxy terminal sequence; concentration response; controlled study; drug activity; drug isolation; drug receptor binding; drug structure; esophagus; gastrointestinal motility; high performance liquid chromatography; ileum; molecular docking; nonhuman; protein domain; pyrosequencing; rat; stomach acid secretion; stomach secretion; tandem mass spectrometry; Wistar rat","Article","Final","","Scopus","2-s2.0-85126267666"
"Gisbert E.; Moreira D.C.; Mozanzadeh M.T.; Lu K.","Gisbert, E. (7003466647); Moreira, D.C. (55308326300); Mozanzadeh, M.T. (42861974200); Lu, K. (36537599900)","7003466647; 55308326300; 42861974200; 36537599900","Editorial: Rising stars in aquatic physiology: 2022","2022","Frontiers in Physiology","13","","1081961","","","","0","10.3389/fphys.2022.1081961","https://www.scopus.com/inward/record.uri?eid=2-s2.0-85142615164&doi=10.3389%2ffphys.2022.1081961&partnerID=40&md5=ba0ab6184200fcf961cc8fdfdc9f584f","elasmobranch; longevity; mollusc; physiology; stress; teleost","carbon dioxide; hydrocortisone; mineralocorticoid receptor; phosphatase; phosphatidylinositol 3,4,5 trisphosphate 3 phosphatase; reactive oxygen metabolite; RNA; aquatic environment; cell respiration; chromosome deletion; cleaning; climate change; community; coral reef; diet; ecology; ectoparasitism; Editorial; embryo development; energy; environmental exposure; environmental impact; fish; gene; genomics; gr1 gene; gr2 gene; growth; immunoregulation; infection rate; lifespan; lipid metabolism; mr gene; nonhuman; ocean acidification; oxidative stress; parasite load; parasitism; parasitosis; physiological stress; physiology; progeny; protein function; protein hydrolysis; protein synthesis; Pseudobatos horkelii; PTEN gene; scallop; seminal plasma; Sparus aurata; sperm; spermatozoon; transcriptomics; xenobiotic metabolism","Editorial","Final","All Open Access; Gold Open Access; Green Open Access","Scopus","2-s2.0-85142615164"
"Sahin C.; Magomedova L.; Ferreira T.A.M.; Liu J.; Tiefenbach J.; Alves P.S.; Queiroz F.J.G.; Oliveira A.S.D.; Bhattacharyya M.; Grouleff J.; Nogueira P.C.N.; Silveira E.R.; Moreira D.C.; Leite J.R.S.D.A.; Brand G.D.; Uehling D.; Poda G.; Krause H.; Cummins C.L.; Romeiro L.A.S.","Sahin, Cigdem (57209608559); Magomedova, Lilia (57050673400); Ferreira, Thais A. M. (57445956700); Liu, Jiabao (56031100400); Tiefenbach, Jens (6603409456); Alves, Priscilla S. (57202434468); Queiroz, Fellipe J. G. (57444868500); Oliveira, Andressa S. De (37024645200); Bhattacharyya, Mousumi (56072145300); Grouleff, Julie (26640297300); Nogueira, Patrícia C. N. (56406158600); Silveira, Edilberto R. (54586003200); Moreira, Daniel C. (55308326300); Leite, José Roberto Souza De Almeida (7201818325); Brand, Guilherme D. (8639196800); Uehling, David (7005942190); Poda, Gennady (35510405100); Krause, Henry (7202403521); Cummins, Carolyn L. (7102791416); Romeiro, Luiz A. S. (11440180600)","57209608559; 57050673400; 57445956700; 56031100400; 6603409456; 57202434468; 57444868500; 37024645200; 56072145300; 26640297300; 56406158600; 54586003200; 55308326300; 7201818325; 8639196800; 7005942190; 35510405100; 7202403521; 7102791416; 11440180600","Phenolic Lipids Derived from Cashew Nut Shell Liquid to Treat Metabolic Diseases","2022","Journal of Medicinal Chemistry","65","3","","1961","1978","17","6","10.1021/acs.jmedchem.1c01542","https://www.scopus.com/inward/record.uri?eid=2-s2.0-85124327295&doi=10.1021%2facs.jmedchem.1c01542&partnerID=40&md5=478fbbb62bc58bc1f709559d6c14e13d","","3T3-L1 Cells; Anacardic Acids; Anacardium; Animals; Drug Design; Gene Expression; HEK293 Cells; Humans; Lipid Metabolism; Male; Mice; Mice, Inbred C57BL; Molecular Docking Simulation; Nuts; PPAR alpha; PPAR delta; PPAR gamma; Protein Domains; Zebrafish; 1 methoxy 3 pentadecyl benzene; 2 (3 pentadecylphenoxy)acetic acid; 2 acetoxy 4 pentadecylbenzoic acid; 2 acetoxy 6 pentadecylbenzoic acid; 2 hydroxy 4 pentadecylbenzoic acid; 2 hydroxy 6 pentadecylbenzoic acid; 2 methoxy 4 pentadecylbenzaldehyde; 2 methoxy 4 pentadecylbenzoic acid; 2 methoxy 6 pentadecylbenzoic acid; 2 methyl 2 (3 pentadecylphenoxy)ethyl propanoate; 2 methyl 2 (3 pentadecylphenoxy)propanoic acid; 2 methyl 2 [3 (pentadec 8 en 1 yl)phenoxy]propanoic acid; 2 [3 (pentadec 8 en 1 yl)phenoxy]acetic acid; 2 [4 [2 [3 cyclohexyl 1 (4 cyclohexylbutyl)ureido]ethyl]phenylthio] 2 methylpropionic acid; 3 pentadecylphenol; 3 pentadecylphenol acetate; anacardic acid; anacardic acid derivative; cardanol derivative; CD36 antigen; ethyl 2 (3 pentadecylphenoxy)acetate; ethyl 2 methyl 2 [3 (pentadec 8 en 1 yl)phenoxy]propanoate; ethyl 2 [3 (pentadec 8 en 1 yl)phenoxy]acetate; fatty acid binding protein; fatty acid binding protein 1; ldt 10; ldt 11; ldt 12; ldt 13; ldt 15; ldt 16; ldt 208; ldt 220; ldt 27; ldt 28; ldt 30; ldt 380; ldt 381; ldt 383; ldt 384; ldt 407; ldt 408; ldt 409; ldt 486a; ldt 487a; ldt 539a; ldt 540a; lipid; messenger RNA; methyl 2 acetoxy 6 pentadecylbenzoate; methyl 2 hydroxy 4 pentadecylbenzoate; methyl 2 methoxy 4 pentadecylbenzoate; methyl 2 methoxy 6 pentadecylbenzoate; muraglitazar; natural product; partial agonist; peroxisome proliferator activated receptor agonist; peroxisome proliferator activated receptor alpha; peroxisome proliferator activated receptor delta; peroxisome proliferator activated receptor gamma; phenol derivative; pirinixic acid; pyruvate dehydrogenase; pyruvate dehydrogenase 4; rosiglitazone; stearic acid; unclassified drug; [4 [2 (3 fluoro 4 trifluoromethylphenyl) 4 methyl 5 thiazolylmethylthio] 2 methylphenoxy]acetic acid; anacardic acid; peroxisome proliferator activated receptor alpha; peroxisome proliferator activated receptor delta; peroxisome proliferator activated receptor gamma; 3T3-L1 cell line; adipocyte; animal cell; animal experiment; animal model; animal tissue; area under the curve; Article; binding affinity; binding site; biological activity; carbon nuclear magnetic resonance; cashew nut; cell differentiation; concentration response; controlled study; crystal structure; drug bioavailability; drug design; drug efficacy; drug potency; drug receptor binding; drug screening; drug structure; drug synthesis; drug targeting; EC50; elimination rate constant; embryo; fatty acid oxidation; fatty acid transport; gene expression; genetic transfection; half life time; HEK293 cell line; human; human cell; hydrogen bond; hydrophobicity; in vitro study; in vivo study; ligand binding; lipid metabolism; liquid chromatography-mass spectrometry; liver cell; liver microsome; male; maximum concentration; maximum drug effect; metabolic disorder; metabolic stability; molecular docking; molecular dynamics; molecular recognition; mouse; mRNA expression level; nonhuman; nutshell (structure); protein expression; proton nuclear magnetic resonance; regulatory mechanism; single drug dose; structure activity relation; time to maximum plasma concentration; tissue distribution; upregulation; zebra fish; Anacardium; animal; C57BL mouse; chemistry; drug effect; genetics; metabolism; nut; protein domain; synthesis","Article","Final","All Open Access; Hybrid Gold Open Access","Scopus","2-s2.0-85124327295"
"Welker A.F.; Moreira D.C.; Hermes-Lima M.","Welker, Alexis F. (8585126900); Moreira, Daniel C. (55308326300); Hermes-Lima, Marcelo (7003603863)","8585126900; 55308326300; 7003603863","Roles of catalase and glutathione peroxidase in the tolerance of a pulmonate gastropod to anoxia and reoxygenation","2016","Journal of Comparative Physiology B: Biochemical, Systemic, and Environmental Physiology","186","5","","553","568","15","14","10.1007/s00360-016-0982-4","https://www.scopus.com/inward/record.uri?eid=2-s2.0-84964050185&doi=10.1007%2fs00360-016-0982-4&partnerID=40&md5=ee59391c27a45292cd2963f7381b7cf6","Free radicals; Glutathione; Hypoxia; Ischemia; Oxidative damage","Amitrole; Animals; Arthropod Proteins; Catalase; Glutathione Peroxidase; Hypoxia; Muscles; Oxygen; Snails; amitrole; arthropod protein; catalase; glutathione peroxidase; oxygen; animal; antagonists and inhibitors; hypoxia; metabolism; muscle; snail","Article","Final","","Scopus","2-s2.0-84964050185"
"Moreira D.C.; da Costa Tavares Sabino M.A.; Minari M.; Kuzniewski F.T.B.; Angelini R.; Hermes-Lima M.","Moreira, Daniel C. (55308326300); da Costa Tavares Sabino, Marcus Aurélio (58345724400); Minari, Marina (57211394761); Kuzniewski, Felipe Torres Brasil (57215857648); Angelini, Ronaldo (56249804800); Hermes-Lima, Marcelo (7003603863)","55308326300; 58345724400; 57211394761; 57215857648; 56249804800; 7003603863","The role of solar radiation and tidal emersion on oxidative stress and glutathione synthesis in mussels exposed to air","2023","PeerJ","11","","e15345","","","","2","10.7717/PEERJ.15345","https://www.scopus.com/inward/record.uri?eid=2-s2.0-85162816657&doi=10.7717%2fPEERJ.15345&partnerID=40&md5=83e8736c73af33434111250d48e1ee54","Aerial exposure; Antioxidant; Bivalve; Brachidontes solisianus; Hypoxia; Mytilidae; Preparation for oxidative stress; Reactive oxygen species; Ultraviolet radiation","biological marker; catalase; disulfide; glucose 6 phosphate dehydrogenase; glutathione; glutathione reductase; glutathione transferase; isocitrate dehydrogenase; malate dehydrogenase; pyruvate kinase; reactive oxygen metabolite; thiobarbituric acid reactive substance; antioxidant activity; Article; bivalve; catalysis; environmental factor; enzyme activity; glutathione metabolism; habitat; homogenate; hypoxia; immersion; mussel; Mytilidae; nonhuman; oxidation reduction reaction; oxidative stress; physiological stress; solar radiation; tidal volume; ultraviolet radiation","Article","Final","All Open Access; Gold Open Access; Green Open Access","Scopus","2-s2.0-85162816657"
"Moreira D.C.; Sabino M.A.C.T.; Kuzniewski F.T.B.; Furtado-Filho O.V.; Carvajalino-Fernández J.M.; Angelini R.; Freire C.A.; Hermes-Lima M.","Moreira, Daniel C. (55308326300); Sabino, Marcus A.C.T. (57119399700); Kuzniewski, Felipe T.B. (57215857648); Furtado-Filho, Orlando V. (17134733500); Carvajalino-Fernández, Juan M. (55909349600); Angelini, Ronaldo (56249804800); Freire, Carolina A. (7005487396); Hermes-Lima, Marcelo (7003603863)","55308326300; 57119399700; 57215857648; 17134733500; 55909349600; 56249804800; 7005487396; 7003603863","Redox metabolism in mussels (Brachidontes solisianus) under the influence of tides in a rocky beach in Southern Brazil","2021","Estuarine, Coastal and Shelf Science","258","","107424","","","","5","10.1016/j.ecss.2021.107424","https://www.scopus.com/inward/record.uri?eid=2-s2.0-85106863658&doi=10.1016%2fj.ecss.2021.107424&partnerID=40&md5=8b242cc0c5094923a30d6aa4012195f9","Aerial exposure; Antioxidant; Bivalve; Hypoxia; Reactive oxygen species; Ultraviolet radiation","Brazil; Bivalvia; Brachidontes; Invertebrata; air temperature; anoxic conditions; antioxidant; beach; bivalve; enzyme activity; glucose; intertidal environment; lipid; metabolism; oxidative stress; phosphate; protein; redox conditions; rocky shore; solar radiation; tidal cycle; tide","Article","Final","","Scopus","2-s2.0-85106863658"
"Plácido A.; Bueno J.; Barbosa E.A.; Moreira D.C.; Dias J.D.N.; Cabral W.F.; Albuquerque P.; Bessa L.J.; Freitas J.; Kuckelhaus S.A.S.; Lima F.C.D.A.; Batagin-Neto A.; Brand G.D.; Relvas J.B.; Leite J.R.S.A.; Eaton P.","Plácido, Alexandra (55232677900); Bueno, João (57216173911); Barbosa, Eder A. (14044592700); Moreira, Daniel C. (55308326300); Dias, Jhones Do Nascimento (57208758979); Cabral, Wanessa Felix (57126003500); Albuquerque, Patrícia (14526846200); Bessa, Lucinda J. (37092470400); Freitas, Jaime (57204348265); Kuckelhaus, Selma A. S. (8313515500); Lima, Filipe C. D. A. (56052811600); Batagin-Neto, Augusto (15069371100); Brand, Guilherme D. (8639196800); Relvas, João B. (6602197103); Leite, José Roberto S. A. (7201818325); Eaton, Peter (7005831154)","55232677900; 57216173911; 14044592700; 55308326300; 57208758979; 57126003500; 14526846200; 37092470400; 57204348265; 8313515500; 56052811600; 15069371100; 8639196800; 6602197103; 7201818325; 7005831154","The antioxidant peptide salamandrin-i: First bioactive peptide identified from skin secretion of salamandra genus (salamandra salamandra)","2020","Biomolecules","10","4","512","","","","17","10.3390/biom10040512","https://www.scopus.com/inward/record.uri?eid=2-s2.0-85082731024&doi=10.3390%2fbiom10040512&partnerID=40&md5=d918570c1d22113282a6899ac555ca74","Antioxidant peptides; Bioactive molecules; Portuguese biodiversity; Salamandra salamandra","Amphibian Proteins; Animals; Anti-Bacterial Agents; Antioxidants; Circular Dichroism; Drug Evaluation, Preclinical; Humans; Microbial Sensitivity Tests; Moths; Peptides; Salamandra; Skin; Toxicity Tests; antioxidant; cefepime; glutathione; peptide; salamandrin I; trolox C; unclassified drug; amphibian protein; antiinfective agent; antioxidant; peptide; ABTS radical scavenging assay; amino acid sequence; animal experiment; animal tissue; antibacterial activity; antioxidant activity; Article; circular dichroism; computer model; controlled study; cytotoxicity; density functional theory; disk diffusion; DPPH radical scavenging assay; Enterococcus faecalis; Escherichia coli; Galleria mellonella; hemolysis; histology; human; human cell; LD50; matrix assisted laser desorption ionization time of flight mass spectrometry; microglial cell line; minimum inhibitory concentration; nonhuman; peptide analysis; peptide synthesis; protein purification; protein secondary structure; Pseudomonas aeruginosa; reversed phase high performance liquid chromatography; Salamandra salamandra; sequence analysis; skin secretion; Staphylococcus aureus; structure analysis; animal; chemistry; drug effect; isolation and purification; microbial sensitivity test; moth; preclinical study; Salamandra; skin; toxicity testing","Article","Final","All Open Access; Gold Open Access; Green Open Access","Scopus","2-s2.0-85082731024"
"Dalvi L.T.; Moreira D.C.; Alonso A.; de Avellar I.G.J.; Hermes-Lima M.","Dalvi, Luana T. (8314931800); Moreira, Daniel C. (55308326300); Alonso, Antonio (7402478359); de Avellar, Isa G.J. (6507318574); Hermes-Lima, Marcelo (7003603863)","8314931800; 55308326300; 7402478359; 6507318574; 7003603863","Antioxidant activity and mechanism of commercial Rama Forte persimmon fruits (Diospyros kaki)","2018","PeerJ","2018","7","e5223","","","","6","10.7717/peerj.5223","https://www.scopus.com/inward/record.uri?eid=2-s2.0-85050637755&doi=10.7717%2fpeerj.5223&partnerID=40&md5=8f90300ec12b8de087703adb2bb4ca5e","Fruit maturation; Lipid peroxidation; Oxidative stress; Polyphenol; Tannin","2 deoxyribose; ascorbic acid; chelating agent; citrate sodium; Diospyros kaki extract; edetic acid; ellagic acid; ferric chloride; hydrogen; malonaldehyde; phosphoric acid; plant extract; tannin; thiobarbituric acid reactive substance; unclassified drug; analysis of variance; antioxidant activity; Article; astringency; Brazil; centrifugation; cervical spine dislocation; chemical phenomena; chronic disease; clinical evaluation; comparative study; controlled study; correlation analysis; degradation; electron spin resonance; enzyme structure, function and variability; free radical scavenging assay; frequency analysis; genetic variability; IC50; in vitro propagation; incubation temperature; light dark cycle; lipid peroxidation assay; maturation; nonhuman; nutrition; oxidation; persimmon; phonetics; skin maceration; spectroscopy; temperature","Article","Final","All Open Access; Gold Open Access; Green Open Access","Scopus","2-s2.0-85050637755"
"Aguilar S.; Brunetti A.E.; Garay A.V.; Santos L.C.; Perez L.O.; Moreira D.; Cancelarich N.L.; Barbosa E.A.; Basso N.G.; de Freitas S.M.; Faivovich J.; Brand G.; Cabrera G.M.; Leite J.R.S.A.; Marani M.M.","Aguilar, Silvana (55535216400); Brunetti, Andrés E. (55314083400); Garay, Aisel Valle (57202954633); Santos, Liem Canet (57810778800); Perez, Luis O. (57203047122); Moreira, Daniel (55308326300); Cancelarich, Natalia L. (57204597794); Barbosa, Eder Alves (14044592700); Basso, Néstor G. (7005272210); de Freitas, Sonia Maria (7004278989); Faivovich, Julián (6603284210); Brand, Guilherme (8639196800); Cabrera, Gabriela M. (7006930507); Leite, José R.S.A. (57811416300); Marani, Mariela M. (56734259800)","55535216400; 55314083400; 57202954633; 57810778800; 57203047122; 55308326300; 57204597794; 14044592700; 7005272210; 7004278989; 6603284210; 8639196800; 7006930507; 57811416300; 56734259800","Structure and function of cationic hylin bioactive peptides from the tree frog Boana pulchella in interaction with lipid membranes","2023","Peptides","159","","170900","","","","5","10.1016/j.peptides.2022.170900","https://www.scopus.com/inward/record.uri?eid=2-s2.0-85141953852&doi=10.1016%2fj.peptides.2022.170900&partnerID=40&md5=a0f5adf095a523393398fa625b9ea54f","Amphibians; Antimicrobial peptides; Boana; CDNA; Circular dichroism; Hylin; Large Unilamellar Vesicles","Amino Acid Sequence; Animals; Anura; Circular Dichroism; Lipids; Peptides; dimyristoylphosphatidylcholine; dimyristoylphosphatidylglycerol; hylin peptide; hylin pul1; hylin pul2; hylin pul3; hylin pul4; peptide; prasin b pul; unclassified drug; hylin; lipid; peptide; adult; alpha helix; amino acid sequence; animal experiment; antimicrobial activity; Anura; Article; bacterial strain; biological activity; Boana pulchella; circular dichroism; controlled study; Escherichia coli; Gram negative bacterium; Gram positive bacterium; hemolysis; lipid membrane; male; minimum inhibitory concentration; nonhuman; photon correlation spectroscopy; physical chemistry; protein analysis; protein conformation; protein expression; protein function; protein interaction; protein secondary structure; protein structure; protein synthesis; sequence analysis; skin secretion; Staphylococcus aureus; animal; chemistry","Article","Final","","Scopus","2-s2.0-85141953852"
"Hermes-Lima M.; Carreiro C.; Moreira D.C.; Polcheira C.; Machado D.P.; Campos T.G.","Hermes-Lima, Marcelo (7003603863); Carreiro, Cecília (55307543000); Moreira, Daniel C. (55308326300); Polcheira, Cássia (17135900300); Machado, Daniel P. (35999824200); Campos, Élida G. (56234121700)","7003603863; 55307543000; 55308326300; 17135900300; 35999824200; 56234121700","Glutathione status and antioxidant enzymes in a crocodilian species from the swamps of the Brazilian Pantanal","2012","Comparative Biochemistry and Physiology - A Molecular and Integrative Physiology","163","2","","189","198","9","17","10.1016/j.cbpa.2012.06.006","https://www.scopus.com/inward/record.uri?eid=2-s2.0-84864087578&doi=10.1016%2fj.cbpa.2012.06.006&partnerID=40&md5=c77bc8cce7b77d928f344d87b6c32b52","Antioxidant; Caiman yacare; Development; Glutathione; Oxidative stress","Animalia; Caiman; Caiman yacare; Crocodylidae (all crocodiles); catalase; glucose 6 phosphate dehydrogenase; glutathione; glutathione peroxidase; glutathione reductase; glutathione transferase; adolescent; animal tissue; article; brain; crocodilian; embryo; enzyme activity; glutathione metabolism; kidney; liver; lung; nonhuman; tissue level","Article","Final","All Open Access; Bronze Open Access","Scopus","2-s2.0-84864087578"
"Moreira D.C.; Welker A.F.; Campos É.G.; De Souza S.C.R.; Hermes-Lima M.","Moreira, Daniel C. (55308326300); Welker, Alexis F. (8585126900); Campos, Élida G. (56234121700); De Souza, Silvia Cristina R. (7102117070); Hermes-Lima, Marcelo (7003603863)","55308326300; 8585126900; 56234121700; 7102117070; 7003603863","Subtropical hibernation in juvenile tegu lizards (Salvator merianae): Insights from intestine redox dynamics","2018","Scientific Reports","8","1","9368","","","","8","10.1038/s41598-018-27263-x","https://www.scopus.com/inward/record.uri?eid=2-s2.0-85048951203&doi=10.1038%2fs41598-018-27263-x&partnerID=40&md5=1a81849cd2a82978094bc9c429c2f056","","Animals; Antioxidants; Catalase; Energy Metabolism; Glutathione; Glutathione Disulfide; Glutathione Peroxidase; Glutathione Reductase; Intestinal Mucosa; Lizards; Oxidation-Reduction; antioxidant; catalase; glutathione; glutathione disulfide; glutathione peroxidase; glutathione reductase; animal; energy metabolism; intestine mucosa; lizard; metabolism; oxidation reduction reaction; physiology","Article","Final","All Open Access; Gold Open Access; Green Open Access","Scopus","2-s2.0-85048951203"
"Vasconcelos A.G.; Barros A.L.A.N.; Cabral W.F.; Moreira D.C.; da Silva I.G.M.; Silva-Carvalho A.É.; de Almeida M.P.; Albuquerque L.F.F.; dos Santos R.C.; S. Brito A.K.; Saldanha-Araújo F.; Arcanjo D.D.R.; C. Martins M.C.; dos S. Borges T.K.; Báo S.N.; Plácido A.; Eaton P.; Kuckelhaus S.A.S.; Leite J.R.S.A.","Vasconcelos, Andreanne G. (57055189300); Barros, Ana Luisa A. N. (57327792500); Cabral, Wanessa F. (57126003500); Moreira, Daniel C. (55308326300); da Silva, Ingrid Gracielle M. (57211487516); Silva-Carvalho, Amandda É. (57204085906); de Almeida, Miguel P. (55189516000); Albuquerque, Lucas F. F. (57202609898); dos Santos, Raimunda C. (56723523300); S. Brito, Ana Karolinne (57327649100); Saldanha-Araújo, Felipe (25026388400); Arcanjo, Daniel D. R. (47861880200); C. Martins, Maria do Carmo (57327792600); dos S. Borges, Tatiana K. (57327933000); Báo, Sônia N. (7201558797); Plácido, Alexandra (55232677900); Eaton, Peter (7005831154); Kuckelhaus, Selma A. S. (8313515500); Leite, José Roberto S. A. (7201818325)","57055189300; 57327792500; 57126003500; 55308326300; 57211487516; 57204085906; 55189516000; 57202609898; 56723523300; 57327649100; 25026388400; 47861880200; 57327792600; 57327933000; 7201558797; 55232677900; 7005831154; 8313515500; 7201818325","Promising self-emulsifying drug delivery system loaded with lycopene from red guava (Psidium guajava L.): in vivo toxicity, biodistribution and cytotoxicity on DU-145 prostate cancer cells","2021","Cancer Nanotechnology","12","1","30","","","","10","10.1186/s12645-021-00103-w","https://www.scopus.com/inward/record.uri?eid=2-s2.0-85118747403&doi=10.1186%2fs12645-021-00103-w&partnerID=40&md5=d343a1c5f8020ef6ce1cfcb543ccc609","Antitumoral; Carotenoids; Guava fruit; Nanomedicine; Self-emulsifying","1,1 diphenyl 2 picrylhydrazyl; acetone; acetonitrile; alanine aminotransferase; alcohol; alkaline phosphatase; ammonium acetate; aspartate aminotransferase; buffer; chloroform; cholesterol; coconut oil; creatinine; dichloromethane; dimethyl sulfoxide; ficoll; formaldehyde; glucose; guava extract; hexane; lycopene; lycopene from red guava; methanol; phosphate buffered saline; polysorbate 80; propidium iodide; resin; triacylglycerol; trolox C; trypan blue; unclassified drug; uranyl acetate; urea; animal experiment; animal model; animal tissue; antioxidant activity; Article; biodistribution; controlled study; cytotoxicity; dispersity; drug bioavailability; drug delivery system; drug distribution; DU145 cell line; fetal bovine serum; flow cytometry; fluorescence microscopy; Fourier transform infrared spectroscopy; free radical scavenging assay; high performance liquid chromatography; histopathology; human; human cell; male; mouse; MTT assay; nanoemulsion; necrosis; nonhuman; peripheral blood mononuclear cell; photon correlation spectroscopy; physical chemistry; self emulsifying drug delivery system; Swiss Webster mouse; toxicity assay; transmission electron microscopy; ultraviolet visible spectrophotometry; zeta potential","Article","Final","All Open Access; Gold Open Access; Green Open Access","Scopus","2-s2.0-85118747403"
"Hermes-Lima M.; Moreira D.C.; Rivera-Ingraham G.A.; Giraud-Billoud M.; Genaro-Mattos T.C.; Campos É.G.","Hermes-Lima, Marcelo (7003603863); Moreira, Daniel C. (55308326300); Rivera-Ingraham, Georgina A. (24512535400); Giraud-Billoud, Maximiliano (24491821500); Genaro-Mattos, Thiago C. (35749681600); Campos, Élida G. (56234121700)","7003603863; 55308326300; 24512535400; 24491821500; 35749681600; 56234121700","Preparation for oxidative stress under hypoxia and metabolic depression: Revisiting the proposal two decades later","2015","Free Radical Biology and Medicine","89","","","1122","1143","21","145","10.1016/j.freeradbiomed.2015.07.156","https://www.scopus.com/inward/record.uri?eid=2-s2.0-84946593511&doi=10.1016%2fj.freeradbiomed.2015.07.156&partnerID=40&md5=e1777f959f95a831e8603691bf976d2e","Anoxia; Dehydration; Estivation; Freeze tolerance; Hypoxia tolerance; Ischemia","Animals; Humans; Hypoxia; Metabolic Networks and Pathways; Oxidative Stress; antioxidant; enzyme; free radical; lipid; reactive nitrogen species; reactive oxygen metabolite; transcription factor; aestivation; anoxia; dehydration; environmental stress; freezing; high temperature; hypoxia; lipid peroxidation; metabolic inhibition; nonhuman; oxidation reduction potential; oxidative stress; priority journal; protein synthesis; Review; animal; human; hypoxia; metabolism; pathophysiology","Review","Final","","Scopus","2-s2.0-84946593511"
"Silva-Carvalho A.É.; Oliveira N.N.D.; Machado J.V.L.; Moreira D.C.; Brand G.D.; Leite J.R.S.A.; Plácido A.; Eaton P.; Saldanha-Araujo F.","Silva-Carvalho, Amandda Évelin (57204085906); Oliveira, Nakaly Natiely de (58515332500); Machado, Julia Viana Lafetá (58514204600); Moreira, Daniel Carneiro (55308326300); Brand, Guilherme Dotto (8639196800); Leite, José Roberto S. A. (7201818308); Plácido, Alexandra (55232677900); Eaton, Peter (7005831154); Saldanha-Araujo, Felipe (25026388400)","57204085906; 58515332500; 58514204600; 55308326300; 8639196800; 7201818308; 55232677900; 7005831154; 25026388400","The Peptide Salamandrin-I Modulates Components Involved in Pyroptosis and Induces Cell Death in Human Leukemia Cell Line HL-60","2023","Pharmaceutics","15","7","1864","","","","0","10.3390/pharmaceutics15071864","https://www.scopus.com/inward/record.uri?eid=2-s2.0-85166343272&doi=10.3390%2fpharmaceutics15071864&partnerID=40&md5=b823a85e8e0accae3e420b1dcbcad34c","antioxidant peptide; HL-60; leukemia; pyroptosis; salamandrin-I","antimitotic agent; cryopyrin; inflammasome; interleukin 1beta; interleukin 1beta converting enzyme; lactate dehydrogenase; salamandrin I; unclassified drug; antiproliferative activity; Article; cell proliferation; cell viability; controlled study; cytotoxicity; drug determination; drug effect; enzyme activation; enzyme release; G2 phase cell cycle checkpoint; gene expression profiling; HL-60 cell line; human; human cell; mitochondrial membrane potential; protein expression; pyroptosis","Article","Final","All Open Access; Gold Open Access; Green Open Access","Scopus","2-s2.0-85166343272"
"Dematei A.; Costa S.R.; Moreira D.C.; Barbosa E.A.; Friaça Albuquerque L.F.; Vasconcelos A.G.; Nascimento T.; Silva P.C.; Silva-Carvalho A.É.; Saldanha-Araújo F.; Silva Mancini M.C.; Saboia Ponte L.G.; Neves Bezerra R.M.; Simabuco F.M.; Batagin-Neto A.; Brand G.; Borges T.K.S.; Eaton P.; Leite J.R.S.A.","Dematei, Anderson (57195954021); Costa, Samuel Ribeiro (58010475400); Moreira, Daniel C. (55308326300); Barbosa, Eder Alves (14044592700); Friaça Albuquerque, Lucas F. (58010571200); Vasconcelos, Andreanne G. (57055189300); Nascimento, Tiago (58010005000); Silva, Pedro Costa (58010571300); Silva-Carvalho, Amandda É. (57204085906); Saldanha-Araújo, Felipe (25026388400); Silva Mancini, Mariana Camargo (57412741200); Saboia Ponte, Luis Gustavo (58010096300); Neves Bezerra, Rosangela Maria (57218491549); Simabuco, Fernando Moreira (15926246800); Batagin-Neto, Augusto (15069371100); Brand, Guilherme (8639196800); Borges, Tatiana Karla S. (56465595400); Eaton, Peter (7005831154); Leite, José Roberto S. A. (7201818308)","57195954021; 58010475400; 55308326300; 14044592700; 58010571200; 57055189300; 58010005000; 58010571300; 57204085906; 25026388400; 57412741200; 58010096300; 57218491549; 15926246800; 15069371100; 8639196800; 56465595400; 7005831154; 7201818308","Antioxidant and Neuroprotective Effects of the First Tryptophyllin Found in Snake Venom (Bothrops moojeni)","2022","Journal of Natural Products","85","12","","2695","2705","10","1","10.1021/acs.jnatprod.2c00304","https://www.scopus.com/inward/record.uri?eid=2-s2.0-85143988068&doi=10.1021%2facs.jnatprod.2c00304&partnerID=40&md5=236b408ceb233ef7429e5f64daf4d33e","","Animals; Antioxidants; Bothrops; Crotalid Venoms; Humans; Neuroblastoma; Neuroprotective Agents; Peptides; Snake Venoms; alpha tocopherol; antioxidant; aromatic compound; arsenic trioxide; ascorbic acid; bmt 2; carnosine; DNA; fluorescein; free radical; glutathione; glycylhistidyllysine; melatonin; neuroprotective agent; peptide; phorbol 13 acetate 12 myristate; reactive nitrogen species; reactive oxygen metabolite; salamandrin I; snake venom; transcription factor Nrf2; trolox C; tryptophyllin; unclassified drug; 2,2'-azobis(2-amidinopropane); antioxidant; neuroprotective agent; peptide; snake venom; ABTS radical scavenging assay; antioxidant activity; Article; Bothrops; Bothrops moojeni; cell viability; computer model; controlled study; drug cytotoxicity; drug isolation; drug structure; drug synthesis; erythrocyte; hemolysis; high performance liquid chromatography; human; human cell; in vitro study; matrix assisted laser desorption ionization time of flight mass spectrometry; molecular dynamics; Neuro-2a cell line; neuroprotection; ORAC assay; oxidative stress; peptide synthesis; SK-N-BE(2) cell line; upregulation; animal; chemistry; neuroblastoma","Article","Final","","Scopus","2-s2.0-85143988068"
"Moreira D.C.; Carvajalino-Fernández J.M.; Navas C.A.; de Carvalho J.E.; Hermes-Lima M.","Moreira, Daniel C. (55308326300); Carvajalino-Fernández, Juan M. (55909349600); Navas, Carlos A. (7003298478); de Carvalho, José E. (57221938300); Hermes-Lima, Marcelo (7003603863)","55308326300; 55909349600; 7003298478; 57221938300; 7003603863","Metabolic and Redox Biomarkers in Skeletal Muscle Underlie Physiological Adaptations of Two Estivating Anuran Species in a South American Semi-arid Environment","2021","Frontiers in Physiology","12","","769833","","","","3","10.3389/fphys.2021.769833","https://www.scopus.com/inward/record.uri?eid=2-s2.0-85121695293&doi=10.3389%2ffphys.2021.769833&partnerID=40&md5=aaaefc0b29ff2b391737f3afcf049f68","amphibia; antioxidant; Caatinga; glutathione; Pleurodema diplolister; preparation for oxidative stress; Proceratophrys cristiceps; reactive oxygen species","biological marker; carbonyl derivative; catalase; citrate synthase; creatine kinase; glutathione; glutathione disulfide; glutathione peroxidase; glutathione transferase; isocitrate dehydrogenase; malate dehydrogenase (decarboxylating); aerobic metabolism; aestivation; Anura; Article; dry season; enzyme activity; metabolic regulation; microhabitat; muscle function; muscle metabolism; nonhuman; oxidation reduction state; oxidative stress; phylogeny; Pleurodema diplolister; Proceratophrys cristiceps; rainy season; semiarid climate; skeletal muscle; species comparison; survival; temperature acclimatization","Article","Final","All Open Access; Gold Open Access; Green Open Access","Scopus","2-s2.0-85121695293"
"Moreira D.C.; Paula D.P.; Hermes-Lima M.","Moreira, Daniel C. (55308326300); Paula, Débora P. (55776212600); Hermes-Lima, Marcelo (7003603863)","55308326300; 55776212600; 7003603863","Changes in metabolism and antioxidant systems during tropical diapause in the sunflower caterpillar Chlosyne lacinia (Lepidoptera: Nymphalidae)","2021","Insect Biochemistry and Molecular Biology","134","","103581","","","","2","10.1016/j.ibmb.2021.103581","https://www.scopus.com/inward/record.uri?eid=2-s2.0-85104917379&doi=10.1016%2fj.ibmb.2021.103581&partnerID=40&md5=797e080b2e6f1e249ab4a4b40b6f4ab4","Glutathione; Glutathione transferase; Isocitrate dehydrogenase; Metabolic depression; NADPH; Preparation for oxidative stress","Animals; Antioxidants; Butterflies; Diapause, Insect; Glutathione; Glutathione Transferase; Insect Proteins; Larva; NADP; Oxidative Stress; antioxidant; glutathione; glutathione transferase; insect protein; nicotinamide adenine dinucleotide phosphate; animal; butterfly; diapause; larva; metabolism; oxidative stress; physiology","Article","Final","","Scopus","2-s2.0-85104917379"
"Almeida R.M.V.R.; Borges L.F.F.; Moreira D.C.; Hermes-Lima M.","Almeida, Renan Moritz V. R. (7102385818); Borges, Luis Fabiano F. (58718159700); Moreira, Daniel C. (55308326300); Hermes-Lima, Marcelo (7003603863)","7102385818; 58718159700; 55308326300; 7003603863","New Metrics for Cross-Country Comparison of Scientific Impact","2020","Frontiers in Research Metrics and Analytics","5","","594891","","","","0","10.3389/frma.2020.594891","https://www.scopus.com/inward/record.uri?eid=2-s2.0-85177746624&doi=10.3389%2ffrma.2020.594891&partnerID=40&md5=58970953c141bb001de4531ec4db574b","citations per publication; h-index; performance metrics; science impact; scientific productivity","","Article","Final","All Open Access; Gold Open Access; Green Open Access","Scopus","2-s2.0-85177746624"
